alpha_deg,Cl,Cd,L_over_D,Cm
0.0,-0.09668533090817852,0.02262241353314304,-4.273873376354356,-0.0340879210962204
2.0,0.09206395206303737,0.02294039063777302,4.013181532813456,-0.02400286101897483
4.0,0.3034846033224401,0.02958815744156817,10.256961891654562,-0.01783662120983126
6.0,0.5148443746448156,0.04170752941888171,12.344159000023069,-0.01128789941853795
8.0,0.7221232458821387,0.06012149701119929,12.011065621796199,-0.004330358507084293
10.0,0.9225865965921535,0.08572286291534008,10.762433325439682,0.003425397740024512
12.0,1.112877364352872,0.1191999302921661,9.336224959403445,0.01174582168973708
14.0,1.293483236567059,0.1617025431818241,7.999152091953312,0.02142330801930245
16.0,1.467875910549922,0.2146978713245094,6.836937420451978,0.03376972069198553
